<?xml version="1.0" encoding="UTF-8" standalone="yes"?>
<?xml-stylesheet type="text/xsl" href="modx.prosilver.en.xsl"?>
<!--NOTICE: Please open this file in your web browser. If presented with a security warning, you may safely tell it to allow the blocked content.-->
<!--For security purposes, please check: http://www.phpbb.com/mods/ for the latest version of this MOD.\nAlthough MODs are checked before being allowed in the MODs Database there is no guarantee that there are no security problems within the MOD.\nNo support will be given for MODs not found within the MODs Database which can be found at http://www.phpbb.com/mods/-->
<mod xmlns:xsi="http://www.w3.org/2001/XMLSchema-instance" xmlns="https://www.phpbb.com/mods/xml/modx-1.2.6.xsd">
	<header>
		<meta name="generator" content="MODX file generated with PP MODX Creator by tumba25 (online version)"/>
		<license><![CDATA[http://opensource.org/licenses/gpl-license.php GNU General Public License v2]]></license>
		<title lang="en"><![CDATA[Cleantalk. Spam protect (for Deutsche) v.3.73]]></title>
		<description lang="en"><![CDATA[1. Stops spam bots signups.
2. Stops spam bots posts.
3. Allow guests posting on the forum without CAPTCHA.
4. no CAPTCHA, no questions, no counting animals, no puzzles, no math.

MOD is a client application for spam protection service cleantalk.org. You should register at the service and get an Access key before using the MOD.]]></description>
		<author-group>
			<author>
				<realname><![CDATA[Denis Shagimuratov]]></realname>
				<username><![CDATA[shagimuratov]]></username>
				<homepage><![CDATA[http://cleantalk.org]]></homepage>
				<email><![CDATA[shagimuratov@cleantalk.org]]></email>
			</author>
		</author-group>
		<mod-version>3.73</mod-version>
		<installation>
			<level>easy</level>
			<time>300</time>
			<target-version>3.0.12</target-version>
		</installation>
		<link-group>
			<link type="parent" href="../install.xml" lang="en">Return in MOD</link>
		</link-group>
	</header>
	<action-group>
		<copy>
			<file from="root/language/de/mods/info_acp_cleantalk.php" to="language/de/mods/info_acp_cleantalk.php"/>
		</copy>
	</action-group>
</mod>
