<?xml version="1.0" encoding="UTF-8" standalone="yes"?>
<?xml-stylesheet type="text/xsl" href="modx.prosilver.en.xsl"?>
<!--NOTICE: Please open this file in your web browser. If presented with a security warning, you may safely tell it to allow the blocked content.-->
<!--For security purposes, please check: http://www.phpbb.com/mods/ for the latest version of this MOD.\nAlthough MODs are checked before being allowed in the MODs Database there is no guarantee that there are no security problems within the MOD.\nNo support will be given for MODs not found within the MODs Database which can be found at http://www.phpbb.com/mods/-->
<mod xmlns:xsi="http://www.w3.org/2001/XMLSchema-instance" xmlns="https://www.phpbb.com/mods/xml/modx-1.2.6.xsd">
	<header>
		<meta name="generator" content="MODX file generated with PP MODX Creator by tumba25 (online version)"/>
		<license><![CDATA[http://opensource.org/licenses/gpl-license.php GNU General Public License v2]]></license>
		<title lang="en"><![CDATA[Cleantalk. Spam protect (for Russian) v.3.73]]></title>
		<description lang="en"><![CDATA[Возможности мода,
1. Защита формы регистрации от ботов.
2. Защита постов от ботов.
3. Автомодерация офтопов.
4. Русский и английские языки сервисных сообщений (подсказки модератору о причинах фильтрации сообщений).
5. Назначение фильтрации на группы пользователей - Гости, Новые пользователи.

Модуль использует несколько последовательных проверок для фильтрации спама,

1. Проверка в черных списках IP, Email отправителя.
2. Проверка временной зоны.
3. Проверка на поддержку JavaScript.
4. Проверка на время заполнения формы регистрации и создания нового сообщения.]]></description>
		<author-group>
			<author>
				<realname><![CDATA[Denis Shagimuratov]]></realname>
				<username><![CDATA[shagimuratov]]></username>
				<homepage><![CDATA[http://cleantalk.org]]></homepage>
				<email><![CDATA[shagimuratov@cleantalk.org]]></email>
			</author>
		</author-group>
		<mod-version>3.73</mod-version>
		<installation>
			<level>easy</level>
			<time>300</time>
			<target-version>3.0.12</target-version>
		</installation>
		<link-group>
			<link type="parent" href="../install.xml" lang="en">Return in MOD</link>
		</link-group>
	</header>
	<action-group>
		<copy>
			<file from="root/language/ru/mods/info_acp_cleantalk.php" to="language/ru/mods/info_acp_cleantalk.php"/>
		</copy>
		<diy-instructions lang="ru"><![CDATA[1. Очистите кеш.
2. Удалите директорию PHPBB_ROOT/install
3. Введите ключ доступа,
Модули -> Клинтолк. Защита от спама.
4. Там же включите проверку Новых пользователей.
5. Проверьте работу формы регистрации.]]></diy-instructions>
	</action-group>
</mod>
